,Estrato,Genero,Edad,Grado,Zona,Deporte,Trabaja,Invitacion_drogas,Consecuencias_consumo,Padres_alcohol,Reaccion_padres,Cigarrillo,Consume_droga,A_que_edad,Atencion_padres,Conocimiento_amistades_padres,Continua,Grados_perdidos,Recreo,Acoso_escolar,Acoso_sexual,Relacion_familiar,Limitaciones,Sexualidad,Habitacion_compartida,Perdida_familiar,Rupturas_amorosas,Situacion_sentimental,Otro_colegio,Familiares_consumidores,Colegio,MadreyPadre,Otros_familiares,Solo Madre,Solo Padre,Casados,Separados,Soltero_soltera,Uni√≥n_libre,Viudo_viuda,Agresivo,Alegre,Extrovertido,Malhumorado,Timido,Impulsivo,Calle,Casa,Colegio,Con_pareja_sentimental,Fiestas,No_consumido,Parque,Paseo
0,3,0,16,11,1,1,0,0,1,2,4,0,0,0.0,3,3,0,0,10000,0,0,3,0,1,0,0,0,1,1,0,1,1,0,0,0,0,0,0,1,0,0,1,0,0,0,0,0,0,0,0,0,1,0,0
1,5,1,16,10,1,1,0,1,1,2,3,0,0,0.0,3,3,0,0,50000,1,0,3,0,1,0,1,0,1,1,0,1,0,0,1,0,0,0,1,0,0,0,0,0,0,1,0,0,0,0,0,0,1,0,0
2,4,0,16,10,1,1,1,1,1,3,2,0,1,14.0,3,3,0,0,30000,0,1,4,0,1,0,0,1,1,1,0,1,0,0,1,0,0,1,0,0,0,0,0,1,0,0,0,0,0,0,0,1,0,0,0
3,4,0,16,11,1,1,0,1,1,2,4,1,1,15.0,3,2,0,0,50000,0,1,2,0,1,0,1,1,1,1,0,1,1,0,0,0,0,0,0,1,0,0,0,1,0,0,0,0,0,0,0,1,0,0,0
4,3,1,16,11,1,0,0,0,1,2,3,1,1,14.0,3,3,1,0,35000,0,0,4,0,1,0,0,1,1,1,0,1,1,0,0,0,1,0,0,0,0,0,0,0,0,1,0,0,1,0,0,0,0,0,0
5,3,0,16,11,1,1,0,1,0,2,4,1,0,0.0,3,2,0,0,15000,0,1,3,0,1,0,1,1,1,0,0,1,0,0,1,0,0,1,0,0,0,0,1,0,0,0,0,0,0,0,0,0,1,0,0
6,3,1,16,10,1,1,0,0,1,1,4,0,0,0.0,3,2,0,0,10000,1,0,4,0,1,0,1,0,1,1,0,1,1,0,0,0,1,0,0,0,0,0,0,1,0,0,0,0,0,0,0,0,1,0,0
7,2,0,15,10,0,0,0,0,0,2,4,0,0,0.0,3,3,0,0,45000,1,1,3,0,1,0,1,1,0,1,0,1,1,0,0,0,1,0,0,0,0,0,0,0,0,1,0,0,0,0,0,0,1,0,0
8,3,0,16,11,1,0,0,1,1,2,4,0,0,0.0,3,2,0,0,10000,0,1,3,0,1,0,0,0,0,1,0,1,1,0,0,0,0,1,0,0,0,0,0,0,0,1,0,0,0,0,0,0,1,0,0
9,4,0,16,11,1,0,0,1,0,2,3,1,0,0.0,2,2,0,0,50000,0,0,3,0,1,0,1,1,1,0,1,1,1,0,0,0,1,0,0,0,0,0,0,0,0,1,0,0,0,0,0,0,1,0,0
10,4,1,16,11,1,0,0,1,0,2,4,1,1,0.0,2,2,0,0,50000,0,0,3,0,1,0,1,0,1,1,0,1,1,0,0,0,1,0,0,0,0,0,0,0,0,1,0,0,0,0,0,1,0,0,0
11,6,0,16,11,1,1,0,1,0,3,4,0,0,0.0,3,3,0,0,100000,0,0,2,0,1,0,1,0,0,0,1,1,0,0,1,0,0,1,0,0,0,0,1,0,0,0,0,0,0,0,0,0,1,0,0
12,4,1,15,10,1,1,0,0,1,1,3,0,0,0.0,3,2,0,0,70000,0,0,3,0,1,0,1,0,1,1,0,1,1,0,0,0,1,0,0,0,0,0,0,0,1,0,0,0,0,0,1,0,0,0,0
13,4,0,14,10,1,1,0,0,1,2,4,1,0,0.0,3,1,0,0,36000,0,0,2,0,1,1,0,0,1,1,0,1,1,0,0,0,1,0,0,0,0,0,0,0,0,1,0,0,0,0,0,0,1,0,0
14,3,0,16,10,1,1,0,0,0,2,3,0,0,0.0,3,3,0,0,10000,1,0,3,0,1,0,1,0,1,1,1,1,0,0,1,0,0,1,0,0,0,0,0,0,1,0,0,0,0,0,0,0,1,0,0
15,4,1,15,10,1,1,0,1,1,1,4,0,0,0.0,3,3,0,0,50000,0,0,4,0,1,0,1,1,1,1,0,1,1,0,0,0,0,0,1,0,0,0,0,1,0,0,0,0,0,0,0,0,1,0,0
16,3,1,17,10,0,0,0,0,1,2,4,0,0,0.0,3,3,0,1,30000,0,0,4,0,1,0,0,0,1,1,0,1,0,0,0,1,0,1,0,0,0,0,1,0,0,0,0,0,0,0,0,0,1,0,0
17,4,0,17,11,1,1,0,1,1,2,3,0,0,0.0,3,2,0,0,40000,0,0,4,0,1,0,1,1,1,0,0,1,1,0,0,0,1,0,0,0,0,0,0,1,0,0,0,0,0,0,0,0,1,0,0
18,4,0,16,11,1,1,0,1,1,2,4,1,1,15.0,3,2,0,0,70000,0,0,3,0,1,0,0,0,1,1,1,1,0,0,1,0,0,1,0,0,0,0,0,1,0,0,0,0,0,0,0,1,0,0,0
19,5,0,17,10,1,0,0,0,1,1,4,0,0,0.0,3,3,0,1,50000,0,0,4,0,1,0,0,0,1,1,0,1,0,0,1,0,0,1,0,0,0,0,1,0,0,0,0,0,0,0,0,0,1,0,0
20,5,1,17,11,1,1,0,1,1,1,4,1,1,16.0,3,3,0,0,30000,0,0,4,0,1,0,0,1,0,0,0,1,0,0,1,0,0,1,0,0,0,0,0,1,0,0,0,1,0,0,0,0,0,0,0
21,3,0,16,11,0,0,0,1,1,2,4,0,0,0.0,3,1,0,0,25000,1,1,3,0,0,0,1,0,1,1,0,1,1,0,0,0,1,0,0,0,0,0,0,1,0,0,0,0,0,0,0,0,1,0,0
22,2,0,16,11,0,1,0,0,1,1,3,0,0,0.0,3,2,0,0,70000,0,0,4,0,1,0,0,0,1,0,0,1,1,0,0,0,1,0,0,0,0,0,1,0,0,0,0,0,0,0,0,0,1,0,0
23,3,0,16,10,1,0,0,0,1,2,3,0,0,0.0,3,2,0,0,50000,0,0,3,0,1,0,0,0,1,1,0,1,1,0,0,0,0,0,0,1,0,0,0,1,0,0,0,0,0,0,0,0,1,0,0
24,3,0,17,11,1,1,0,0,1,2,3,0,0,0.0,3,3,0,0,50000,0,0,4,0,1,0,0,0,1,1,0,1,1,0,0,0,1,0,0,0,0,0,1,0,0,0,0,0,0,0,0,0,1,0,0
25,4,0,16,11,1,1,0,0,1,1,4,1,0,0.0,3,2,0,0,100000,1,0,4,0,1,0,1,1,1,0,0,1,1,0,0,0,1,0,0,0,0,0,1,0,0,0,0,0,0,0,0,0,1,0,0
26,3,1,15,10,1,1,0,0,1,2,3,0,0,0.0,3,2,0,0,105000,0,0,4,0,1,0,0,0,1,1,0,1,1,0,0,0,0,0,0,1,0,0,0,1,0,0,0,0,0,0,0,0,1,0,0
27,4,1,18,10,1,1,1,1,1,1,4,0,1,11.0,3,3,0,1,0,1,1,4,1,1,0,1,1,1,1,0,1,0,0,1,0,0,0,1,0,0,0,0,1,0,0,0,0,0,1,0,0,0,0,0
28,3,1,16,10,1,1,0,0,0,1,4,0,0,0.0,3,2,0,0,10000,1,0,4,0,1,0,1,0,1,1,0,1,1,0,0,0,1,0,0,0,0,0,0,1,0,0,0,0,0,0,0,0,1,0,0
29,3,0,16,10,1,1,0,0,1,1,3,0,0,0.0,3,3,0,0,10000,1,0,3,1,1,0,1,1,1,1,0,1,0,0,1,0,0,1,0,0,0,0,0,0,0,1,0,0,0,0,0,0,1,0,0
30,4,1,13,9,1,1,0,0,1,2,3,1,0,0.0,2,3,0,0,25000,1,0,3,0,1,0,1,1,0,1,0,1,1,0,0,0,1,0,0,0,0,0,1,0,0,0,0,0,0,0,0,0,1,0,0
31,4,1,11,6,1,1,0,0,1,1,1,0,0,0.0,3,3,0,0,1000,0,0,4,0,1,1,1,0,1,1,0,1,0,0,1,0,0,0,1,0,0,0,1,0,0,0,0,0,0,0,0,0,1,0,0
32,2,1,15,9,1,1,0,0,1,2,4,0,0,0.0,3,3,0,0,50000,0,0,4,0,1,0,0,0,1,1,0,1,1,0,0,0,0,0,0,1,0,0,1,0,0,0,0,0,0,0,0,0,1,0,0
33,4,1,12,6,1,1,0,0,0,2,4,0,0,0.0,3,3,0,0,150000,1,0,4,0,1,0,1,1,0,1,0,1,1,0,0,0,0,0,0,1,0,0,1,0,0,0,0,0,0,0,0,0,1,0,0
34,3,0,13,7,1,1,0,0,1,2,4,0,0,0.0,3,2,0,1,60000,0,0,3,0,1,0,1,1,1,1,0,1,1,0,0,0,1,0,0,0,0,0,1,0,0,0,0,0,0,0,0,0,1,0,0
35,3,0,15,11,1,1,0,1,1,2,4,1,0,0.0,3,3,0,0,70000,0,1,3,0,1,0,1,1,0,1,0,1,0,0,1,0,0,1,0,0,0,0,0,1,0,0,0,0,0,0,0,0,1,0,0
36,3,0,16,11,1,1,0,1,1,2,3,0,0,0.0,3,3,0,0,35000,0,0,4,0,1,0,1,1,1,0,0,1,1,0,0,0,1,0,0,0,0,0,0,0,0,1,0,0,0,0,0,0,1,0,0
37,4,1,15,9,1,1,0,1,1,2,4,0,0,0.0,2,3,0,0,40000,0,0,2,0,1,0,1,1,1,1,0,1,0,0,1,0,0,1,0,0,0,0,0,0,0,1,0,0,0,0,0,0,1,0,0
38,2,1,17,11,1,1,0,1,1,1,4,0,1,16.0,3,3,0,0,20000,0,0,4,0,1,1,1,0,0,1,1,1,0,0,1,0,0,0,0,1,0,0,0,0,0,1,0,0,0,0,0,1,0,0,0
39,3,0,15,10,1,1,0,1,1,2,4,0,0,0.0,3,2,0,0,50000,1,1,4,0,1,0,0,0,0,1,1,1,1,0,0,0,0,0,0,1,0,0,0,0,0,1,0,0,0,0,0,0,1,0,0
40,3,1,16,11,1,1,0,1,1,2,4,0,0,0.0,2,1,0,0,350000,0,0,3,0,1,0,1,1,1,0,0,1,1,0,0,0,0,0,0,1,0,0,1,0,0,0,0,0,0,0,0,0,1,0,0
41,4,0,16,11,1,1,0,1,1,2,4,0,1,15.0,3,1,0,0,85000,0,0,2,0,1,0,1,1,0,1,0,1,0,0,1,0,0,1,0,0,0,0,0,1,0,0,0,0,0,0,0,1,0,0,0
42,4,0,16,11,0,1,0,0,1,2,4,0,0,0.0,3,3,0,0,60000,1,1,3,0,1,0,1,1,1,1,0,1,1,0,0,0,0,0,0,1,0,0,0,0,0,1,0,0,0,0,0,0,1,0,0
43,3,1,16,11,1,1,0,1,1,1,4,1,1,13.0,2,3,0,0,60000,0,0,3,0,1,0,1,1,1,1,1,1,1,0,0,0,1,0,0,0,0,0,0,0,0,1,0,0,0,0,0,1,0,0,0
44,4,1,16,11,1,1,0,1,1,2,3,0,0,0.0,2,3,0,0,100000,0,0,3,0,1,0,1,1,1,1,0,1,0,0,1,0,0,0,1,0,0,0,1,0,0,0,0,0,0,0,0,0,1,0,0
45,4,0,16,11,1,0,1,1,0,2,3,1,0,0.0,2,2,0,0,25000,0,0,2,0,1,0,1,1,1,0,1,1,1,0,0,0,1,0,0,0,0,0,0,0,0,1,0,0,0,0,0,0,1,0,0
46,3,1,15,9,1,1,0,0,0,2,4,1,0,0.0,3,2,0,1,10000,1,0,3,0,1,1,1,0,1,1,0,1,1,0,0,0,1,0,0,0,0,0,1,0,0,0,0,0,0,0,0,0,1,0,0
47,3,0,16,11,1,1,0,1,1,2,4,1,1,12.0,3,2,1,0,20000,0,1,3,1,1,0,0,1,1,1,0,1,1,0,0,0,1,0,0,0,0,0,0,1,0,0,0,1,0,0,0,0,0,0,0
48,4,1,15,11,1,1,0,0,1,2,4,1,0,0.0,2,3,0,0,60000,0,0,3,0,1,1,0,1,0,1,0,1,1,0,0,0,1,0,0,0,0,0,0,1,0,0,0,0,0,0,0,0,1,0,0
49,4,0,17,11,1,1,0,1,1,2,3,0,0,0.0,3,2,0,0,40000,0,1,4,0,1,0,1,1,1,0,0,1,1,0,0,0,1,0,0,0,0,0,0,1,0,0,0,0,0,0,0,0,1,0,0
50,4,0,17,11,1,1,0,0,1,2,4,0,0,0.0,2,2,0,1,40000,0,0,4,0,1,0,1,1,1,1,0,1,1,0,0,0,1,0,0,0,0,0,0,1,0,0,0,0,0,0,0,0,1,0,0
51,3,1,13,8,1,1,0,1,1,2,4,0,0,0.0,2,1,0,0,50000,0,0,4,0,1,0,1,1,1,1,0,1,1,0,0,0,1,0,0,0,0,0,0,0,0,1,0,0,0,0,0,0,1,0,0
52,2,1,17,11,1,1,0,0,1,2,3,0,0,0.0,3,3,0,0,100000,0,0,4,0,0,1,1,1,1,1,0,1,0,0,0,1,0,1,0,0,0,0,1,0,0,0,0,0,0,0,0,0,1,0,0
53,3,0,17,11,1,1,0,0,1,2,4,0,0,0.0,3,3,0,0,50000,0,0,4,0,1,0,0,0,1,1,0,1,1,0,0,0,1,0,0,0,0,0,0,1,0,0,0,0,0,0,0,0,1,0,0
54,4,1,12,7,1,1,0,0,1,1,4,0,0,0.0,3,3,0,0,25000,0,0,4,0,1,0,1,0,1,1,0,1,0,0,1,0,0,1,0,0,0,0,1,0,0,0,0,0,0,0,0,0,1,0,0
55,4,1,12,7,1,1,0,0,1,1,4,0,0,0.0,3,3,0,0,50000,0,0,4,0,1,0,1,0,1,1,0,1,0,0,1,0,0,1,0,0,0,0,1,0,0,0,0,0,0,0,0,0,1,0,0
56,2,0,11,6,1,1,0,0,1,2,4,0,0,0.0,3,3,0,0,60000,0,0,1,0,1,0,0,0,1,0,0,1,1,0,0,0,0,0,0,1,0,0,1,0,0,0,0,0,0,0,0,0,1,0,0
57,3,1,16,11,1,0,0,0,1,1,4,0,0,0.0,3,2,0,0,2000,0,0,3,0,1,1,1,1,0,1,0,1,1,0,0,0,0,0,1,0,0,0,1,0,0,0,0,0,0,0,0,0,1,0,0
58,2,0,13,7,1,1,0,0,0,2,4,0,0,0.0,3,1,0,0,30000,0,0,3,0,1,0,1,1,0,1,0,1,1,0,0,0,1,0,0,0,0,0,1,0,0,0,0,0,0,0,0,0,1,0,0
59,4,0,16,11,1,0,0,1,1,2,3,1,1,0.0,3,2,0,0,15000,0,0,3,1,0,0,1,0,0,1,1,1,0,0,0,1,1,0,0,0,0,0,1,0,0,0,0,0,1,0,0,0,0,0,0
60,4,1,13,8,1,1,0,0,1,1,4,0,0,0.0,3,2,0,0,42000,0,0,4,0,1,0,0,0,1,1,0,1,1,0,0,0,1,0,0,0,0,0,1,0,0,0,0,0,0,0,0,0,1,0,0
61,3,0,17,11,1,0,0,0,0,2,4,0,0,0.0,3,2,0,0,20000,0,0,4,0,1,0,0,0,0,1,0,1,1,0,0,0,1,0,0,0,0,0,1,0,0,0,0,0,0,0,0,0,1,0,0
62,4,1,15,10,1,1,0,1,1,1,4,0,0,0.0,3,3,0,0,10000,1,0,3,0,1,0,1,1,1,1,0,1,1,0,0,0,1,0,0,0,0,0,0,1,0,0,0,0,0,0,0,0,1,0,0
63,3,1,16,11,0,1,0,1,1,2,4,1,1,15.0,2,1,0,0,75000,1,1,3,0,0,0,1,0,1,1,0,1,0,0,1,0,0,1,0,0,0,0,1,0,0,0,0,0,1,0,0,0,0,0,0
64,4,1,16,11,1,0,0,0,1,2,3,1,0,0.0,3,1,0,0,70000,1,0,3,0,1,0,1,1,0,1,0,1,1,0,0,0,1,0,0,0,0,0,0,0,0,1,0,0,0,0,0,0,1,0,0
65,4,1,15,10,1,1,0,1,0,1,3,0,0,0.0,3,2,0,0,80000,0,0,3,0,1,0,0,0,1,1,0,1,1,0,0,0,0,1,0,0,0,0,0,0,1,0,0,0,0,0,0,0,1,0,0
66,4,0,16,11,1,1,0,0,1,1,4,1,1,15.0,3,2,0,0,120000,1,0,4,1,1,0,1,1,0,0,0,1,1,0,0,0,1,0,0,0,0,0,0,0,0,1,0,0,0,0,0,1,0,0,0
67,3,1,11,6,1,1,0,0,1,2,4,0,0,0.0,3,3,0,0,100000,1,0,4,0,1,0,0,0,1,0,0,1,1,0,0,0,0,0,0,1,0,0,1,0,0,0,0,0,0,0,0,0,1,0,0
68,4,0,16,11,1,1,0,1,1,2,4,0,1,0.0,2,2,0,0,130000,1,1,4,0,1,0,1,1,0,1,0,1,1,0,0,0,1,0,0,0,0,0,0,1,0,0,0,0,0,0,0,1,0,0,0
69,3,1,11,6,0,1,0,0,0,2,4,0,0,0.0,3,1,0,0,50000,0,0,3,0,1,1,1,0,1,1,0,1,0,0,1,0,0,1,0,0,0,0,0,0,1,0,0,0,0,0,0,0,1,0,0
70,6,1,15,10,1,1,0,1,1,2,4,0,1,12.0,3,3,0,0,50000,0,0,3,0,1,0,1,1,0,1,0,1,1,0,0,0,0,0,0,1,0,0,0,0,0,1,0,1,0,0,0,0,0,0,0
71,3,0,16,10,1,1,0,1,1,2,4,1,0,0.0,3,3,0,0,50000,0,0,4,0,1,0,1,0,0,1,0,1,1,0,0,0,1,0,0,0,0,0,0,1,0,0,0,0,0,0,0,0,1,0,0
72,4,0,15,11,1,0,0,0,1,1,3,0,0,0.0,3,2,0,0,40000,0,0,4,0,1,0,1,0,1,1,0,1,1,0,0,0,1,0,0,0,0,0,0,0,0,1,0,0,0,0,0,0,1,0,0
73,4,1,17,11,1,1,0,1,1,2,4,0,0,0.0,2,2,0,1,100000,0,0,4,0,1,0,1,0,1,1,0,1,1,0,0,0,1,0,0,0,0,0,0,0,1,0,0,0,0,0,0,0,1,0,0
74,4,0,17,11,1,1,0,0,1,2,4,0,0,0.0,3,3,0,0,20000,1,0,4,0,1,1,1,1,0,1,0,1,0,0,1,0,0,1,0,0,0,0,0,1,0,0,0,0,0,0,0,0,1,0,0
75,4,1,17,10,0,1,1,1,1,2,4,1,1,15.0,3,3,0,1,50000,0,0,3,1,1,0,0,1,0,1,0,1,0,0,1,0,0,0,0,1,0,0,0,1,0,0,0,0,0,0,0,1,0,0,0
76,5,0,15,8,1,0,0,0,1,1,3,0,0,0.0,3,3,0,1,40000,0,0,4,0,0,1,1,1,1,1,0,1,1,0,0,0,0,1,0,0,0,0,0,0,0,1,0,0,0,0,0,0,1,0,0
77,3,1,17,10,0,1,0,0,1,2,4,0,0,0.0,3,3,0,1,30000,0,0,3,0,1,0,0,0,1,1,0,1,0,0,0,1,0,1,0,0,0,0,1,0,0,0,0,0,0,0,0,0,1,0,0
78,4,1,17,10,1,1,0,1,1,2,4,1,1,15.0,2,1,0,1,10000,1,0,2,0,1,0,0,1,0,1,0,1,1,0,0,0,1,0,0,0,0,0,0,1,0,0,0,1,0,0,0,0,0,0,0
79,3,1,16,11,1,1,0,0,1,2,4,0,0,0.0,3,3,0,0,70000,1,0,3,0,1,0,1,0,1,1,0,1,1,0,0,0,1,0,0,0,0,0,0,0,0,1,0,0,0,0,0,0,1,0,0
80,4,0,16,11,1,1,0,0,1,2,4,0,0,0.0,3,3,0,0,30000,1,0,4,0,1,0,1,1,0,1,0,1,1,0,0,0,1,0,0,0,0,0,0,1,0,0,0,0,0,0,0,0,1,0,0
81,5,1,14,9,1,1,0,1,1,1,4,0,0,0.0,3,3,0,0,50000,1,0,4,0,1,0,1,0,1,1,0,1,1,0,0,0,0,0,0,1,0,0,0,1,0,0,0,0,0,0,0,0,1,0,0
82,5,1,15,10,1,1,0,0,1,2,4,0,0,0.0,3,3,0,1,140000,0,0,3,0,1,0,0,0,1,0,0,1,1,0,0,0,1,0,0,0,0,0,0,1,0,0,0,0,0,0,0,0,1,0,0
83,2,0,15,10,1,1,0,0,1,2,4,0,0,0.0,3,2,0,0,50000,0,0,4,0,1,0,1,0,1,1,0,1,1,0,0,0,0,0,0,1,0,0,1,0,0,0,0,0,0,0,0,0,1,0,0
84,4,0,15,10,1,1,0,0,0,2,3,0,0,0.0,2,1,0,0,2000,1,1,3,0,1,0,0,1,1,0,1,1,1,0,0,0,0,0,0,1,0,0,0,0,0,1,0,0,0,0,0,0,1,0,0
85,3,0,14,10,0,1,1,1,0,1,4,0,0,0.0,3,2,0,0,5000,1,0,2,0,1,0,1,0,1,1,0,1,1,0,0,0,0,0,0,1,0,0,0,0,0,1,0,0,0,0,0,0,1,0,0
86,4,1,16,11,1,1,0,1,1,2,4,0,0,0.0,3,3,0,0,70000,1,0,4,1,1,0,1,1,1,1,0,1,1,0,0,0,0,0,0,1,0,0,0,0,0,1,0,0,0,0,0,0,1,0,0
87,4,1,16,10,1,1,0,1,1,2,3,1,0,0.0,2,2,0,0,30000,0,0,3,0,1,0,0,1,0,1,0,1,1,0,0,0,1,0,0,0,0,0,0,1,0,0,0,0,0,0,0,0,1,0,0
88,4,1,16,11,1,1,0,1,1,1,2,0,0,0.0,3,1,0,0,50000,1,0,3,0,1,0,1,0,1,1,0,1,1,0,0,0,1,0,0,0,0,0,0,1,0,0,0,0,0,0,0,0,1,0,0
89,3,0,16,10,0,0,0,1,1,1,4,0,0,0.0,3,3,0,1,100000,0,0,3,0,1,0,0,0,0,1,0,1,0,0,1,0,0,1,0,0,0,0,0,0,0,1,0,0,0,0,0,0,1,0,0
90,3,1,11,6,0,1,0,0,1,2,4,0,0,0.0,3,3,0,0,28000,0,0,3,0,1,0,1,0,1,1,1,1,1,0,0,0,1,0,0,0,0,0,1,0,0,0,0,0,0,0,0,0,1,0,0
91,4,0,11,6,1,1,0,1,1,2,4,0,0,0.0,3,2,0,0,40000,0,0,4,0,1,1,0,0,1,1,0,1,0,0,1,0,0,1,0,0,0,0,0,1,0,0,0,0,0,0,0,0,1,0,0
92,4,0,11,6,1,1,0,1,1,2,3,0,0,0.0,3,2,0,0,40000,0,0,4,0,1,1,0,0,1,1,0,1,0,0,1,0,0,1,0,0,0,0,0,1,0,0,0,0,0,0,0,0,1,0,0
93,5,1,15,10,1,0,0,1,0,3,2,1,1,11.0,2,1,1,1,100000,0,1,2,0,1,0,0,1,1,1,0,1,1,0,0,0,1,0,0,0,0,0,0,0,0,1,0,0,0,0,0,1,0,0,0
94,5,1,16,9,1,0,0,1,1,2,4,1,0,0.0,3,2,0,0,20000,0,0,3,0,1,0,1,1,0,1,0,1,1,0,0,0,1,0,0,0,0,0,0,0,0,1,0,0,0,0,0,0,1,0,0
95,4,0,12,7,1,1,0,0,1,2,4,0,0,0.0,3,3,0,0,34000,0,0,4,0,1,0,1,0,1,0,0,1,1,0,0,0,1,0,0,0,0,0,1,0,0,0,0,0,0,0,0,0,1,0,0
96,4,0,12,7,1,1,0,0,1,2,4,0,0,0.0,3,3,0,0,34000,0,0,4,0,1,0,1,0,1,0,0,1,1,0,0,0,1,0,0,0,0,0,1,0,0,0,0,0,0,0,0,0,1,0,0
97,6,0,16,11,1,1,0,1,0,3,4,1,0,0.0,3,3,0,0,100000,0,0,3,0,1,0,1,0,0,0,1,1,0,0,1,0,0,1,0,0,0,0,1,0,0,0,0,0,0,0,0,0,1,0,0
98,5,1,12,6,1,1,0,0,1,2,4,0,0,0.0,3,3,0,0,15000,1,1,4,0,1,0,1,1,1,1,0,1,1,0,0,0,1,0,0,0,0,1,0,0,0,0,0,0,0,0,0,0,1,0,0
99,3,1,18,11,1,1,1,1,1,2,2,0,0,0.0,3,3,0,1,200000,0,0,4,1,1,0,1,1,1,1,0,1,0,0,1,0,0,0,0,0,1,0,0,1,0,0,0,0,0,0,0,0,1,0,0
100,3,1,15,10,1,1,0,0,1,2,4,0,0,0.0,3,2,0,0,20000,0,0,4,1,1,0,1,0,1,1,0,1,0,0,1,0,0,1,0,0,0,0,0,0,0,1,0,0,0,0,0,0,1,0,0
101,4,1,14,8,1,1,1,0,0,1,4,1,0,0.0,2,1,0,0,80000,1,0,3,0,1,0,1,1,1,1,0,1,1,0,0,0,1,0,0,0,0,0,0,0,0,1,0,0,0,0,0,0,1,0,0
102,6,0,17,11,1,0,0,0,0,2,4,1,0,0.0,3,3,0,0,200000,0,1,3,0,1,0,1,1,1,1,0,1,1,0,0,0,0,0,1,0,0,0,0,1,0,0,0,0,0,0,0,0,1,0,0
103,3,1,15,10,1,1,0,1,1,2,3,1,0,0.0,3,2,0,0,80000,0,0,4,1,1,0,1,1,1,0,1,1,0,0,1,0,0,1,0,0,0,0,1,0,0,0,0,0,0,0,0,0,1,0,0
104,5,1,12,6,0,1,0,0,1,2,4,0,0,0.0,3,3,0,0,100000,0,0,4,0,1,0,1,0,1,1,0,1,0,0,1,0,0,0,1,0,0,0,0,1,0,0,0,0,0,0,0,0,1,0,0
105,2,0,12,8,1,1,0,0,1,1,4,0,0,0.0,3,3,0,0,25000,1,1,2,1,1,0,1,1,1,1,0,1,1,0,0,0,1,0,0,0,0,0,0,0,0,1,0,0,0,0,0,0,1,0,0
106,4,1,11,6,1,1,0,0,0,1,4,0,0,0.0,3,3,0,0,50000,0,0,4,0,1,0,1,0,1,0,0,1,1,0,0,0,0,0,0,1,0,0,1,0,0,0,0,0,0,0,0,0,1,0,0
107,4,1,15,8,1,1,1,1,0,2,4,1,1,13.0,3,2,0,1,350000,0,0,4,0,1,0,1,1,1,1,0,1,0,0,1,0,0,0,0,1,0,0,0,1,0,0,0,0,1,0,0,0,0,0,0
108,4,0,15,9,1,0,0,0,1,2,4,0,0,0.0,3,2,0,0,100000,0,0,2,0,1,0,0,0,1,1,0,1,0,0,1,0,0,1,0,0,0,0,0,1,0,0,0,0,0,0,0,0,1,0,0
109,2,1,18,11,1,1,0,1,1,2,3,0,0,0.0,2,2,0,1,120000,0,0,2,0,1,0,1,1,1,1,1,1,0,0,0,1,0,0,1,0,0,0,0,1,0,0,0,0,0,0,0,1,0,0,0
110,5,0,15,9,1,1,0,0,1,2,2,1,0,0.0,3,3,0,1,50000,1,0,3,0,1,0,1,1,1,1,0,1,0,1,0,0,0,1,0,0,0,0,1,0,0,0,0,0,0,0,0,0,1,0,0
111,1,1,15,10,0,1,0,1,1,1,1,1,0,0.0,3,1,0,0,60000,0,0,1,1,1,1,0,0,1,1,0,1,0,0,1,0,0,1,0,0,0,0,0,1,0,0,0,0,0,0,0,0,1,0,0
112,3,1,11,6,0,1,0,0,1,2,4,0,0,0.0,3,2,0,0,13000,1,0,3,0,1,1,0,0,1,1,0,1,0,1,0,0,0,1,0,0,0,0,1,0,0,0,0,0,0,0,0,0,1,0,0
113,2,1,16,11,1,1,0,0,1,2,4,0,0,0.0,2,3,0,0,10000,1,0,3,1,1,1,0,1,1,0,1,1,0,1,0,0,0,0,1,0,0,0,1,0,0,0,0,0,0,0,0,0,1,0,0
114,5,0,15,9,1,0,0,1,0,2,4,0,0,0.0,3,2,0,1,10000,0,0,2,0,1,0,0,1,1,1,0,1,0,0,1,0,0,1,0,0,0,0,0,0,0,1,0,0,0,0,0,0,1,0,0
115,2,1,18,9,1,1,0,0,1,2,4,1,0,0.0,3,1,0,1,20000,0,0,3,0,1,0,1,1,1,1,0,2,1,0,0,0,0,0,0,1,0,0,1,0,0,0,0,0,0,0,0,0,1,0,0
116,2,1,14,9,1,1,0,0,1,2,4,0,0,0.0,2,2,0,0,20000,0,0,4,0,1,1,0,1,0,1,0,2,1,0,0,0,0,0,0,1,0,0,1,0,0,0,0,0,0,0,0,0,1,0,0
117,2,0,12,9,0,1,0,0,0,2,4,0,0,0.0,3,2,0,0,20000,0,0,4,0,1,1,1,0,1,1,0,2,1,0,0,0,0,0,0,1,0,0,1,0,0,0,0,0,0,0,0,0,1,0,0
118,2,0,13,7,1,1,0,0,0,2,4,0,0,0.0,3,1,0,1,5000,0,0,3,1,1,1,1,0,1,1,0,2,0,0,1,0,0,1,0,0,0,0,1,0,0,0,0,0,0,0,0,0,1,0,0
119,1,0,14,9,1,0,0,1,1,1,3,0,0,0.0,2,3,0,0,200000,1,0,2,0,1,0,1,1,1,1,0,2,0,0,1,0,0,1,0,0,0,0,0,1,0,0,0,0,0,0,0,0,1,0,0
120,2,0,13,7,1,0,0,0,1,2,4,0,0,0.0,3,3,0,1,15000,0,0,4,0,1,1,1,0,0,0,0,2,0,0,1,0,0,0,1,0,0,0,1,0,0,0,0,0,0,0,0,0,1,0,0
121,1,1,16,9,1,0,0,1,0,2,2,0,0,0.0,3,2,0,1,20000,1,0,2,0,1,1,1,1,0,0,0,2,1,0,0,0,0,0,1,0,0,0,1,0,0,0,0,0,0,0,0,0,1,0,0
122,2,0,14,7,1,1,0,0,1,2,4,0,0,0.0,3,1,0,1,20000,0,1,1,0,1,1,1,1,0,1,0,2,0,0,1,0,0,1,0,0,0,0,0,0,1,0,0,0,0,0,0,0,1,0,0
123,2,0,13,7,1,0,0,0,0,2,4,0,0,0.0,3,1,0,0,5000,0,0,3,0,1,0,1,0,1,1,0,2,1,0,0,0,1,0,0,0,0,0,1,0,0,0,0,0,0,0,0,0,1,0,0
124,2,1,14,8,0,0,0,0,1,2,4,0,0,0.0,3,3,0,1,5000,0,0,4,0,1,1,1,0,0,1,1,2,1,0,0,0,0,0,0,1,0,0,1,0,0,0,0,0,0,0,0,0,1,0,0
125,2,0,13,7,1,1,0,0,0,2,4,0,0,0.0,3,1,0,1,5000,0,0,3,1,1,1,1,0,1,1,0,2,0,0,1,0,0,1,0,0,0,0,1,0,0,0,0,0,0,0,0,0,1,0,0
126,3,0,12,8,1,1,0,0,1,2,4,0,0,0.0,3,3,0,0,10000,1,0,3,0,0,0,1,0,1,0,0,2,0,0,1,0,0,0,0,1,0,0,0,1,0,0,0,0,0,0,0,0,1,0,0
127,2,0,17,9,1,1,0,0,1,2,3,0,1,16.0,3,1,0,1,2000,0,0,3,0,1,0,1,0,1,1,0,2,0,1,0,0,0,0,1,0,0,0,1,0,0,0,0,0,0,0,0,0,0,1,0
128,1,1,17,9,0,0,0,0,0,1,3,0,0,0.0,3,2,0,0,25000,0,0,4,0,1,0,1,0,1,0,0,2,1,0,0,0,1,0,0,0,0,0,1,0,0,0,0,0,0,0,0,0,1,0,0
129,1,1,13,7,1,0,0,0,1,2,4,0,0,0.0,3,3,0,1,20000,0,0,4,0,1,1,0,0,1,1,0,2,1,0,0,0,0,0,0,1,0,0,1,0,0,0,0,0,0,0,0,0,1,0,0
130,1,0,16,8,1,0,0,0,1,2,3,0,0,0.0,3,2,0,1,50000,0,0,4,0,1,1,0,0,0,1,0,2,0,1,0,0,0,0,1,0,0,0,0,0,0,1,0,0,0,0,0,0,1,0,0
131,1,0,16,8,1,0,0,0,1,2,3,0,0,0.0,3,2,0,1,50000,0,0,4,0,1,1,0,0,0,1,0,2,0,1,0,0,0,0,1,0,0,0,0,0,0,1,0,0,0,0,0,0,1,0,0
132,2,1,14,9,1,1,0,0,1,2,4,0,0,0.0,2,1,0,1,5000,0,0,3,0,1,0,1,0,1,1,1,2,0,0,1,0,0,0,1,0,0,0,0,1,0,0,0,0,0,0,0,0,1,0,0
133,1,1,13,8,0,1,0,0,1,2,3,0,0,0.0,3,3,0,0,35000,1,0,3,0,1,1,0,0,1,1,0,2,0,0,1,0,0,1,0,0,0,0,1,0,0,0,0,0,0,0,0,0,1,0,0
134,2,1,16,11,1,1,0,1,1,2,4,0,0,0.0,3,2,0,0,200000,0,0,3,0,1,0,1,0,1,1,0,2,0,0,1,0,0,1,0,0,0,0,0,0,0,1,0,0,0,0,0,0,1,0,0
135,2,0,14,9,1,0,0,1,1,2,3,0,0,0.0,2,2,0,0,30000,0,0,3,0,1,1,1,0,1,1,0,2,0,1,0,0,0,1,0,0,0,0,0,0,1,0,0,0,0,0,0,0,1,0,0
136,2,0,14,9,1,0,0,1,0,2,1,1,0,0.0,3,1,0,0,50000,0,0,3,0,1,1,1,1,1,1,0,2,0,0,1,0,0,0,1,0,0,0,0,0,0,1,0,0,0,0,0,0,1,0,0
137,2,1,14,9,1,1,0,0,1,2,4,0,0,0.0,3,3,0,0,15000,0,0,4,0,1,1,0,0,1,0,0,2,1,0,0,0,0,0,0,1,0,0,0,1,0,0,0,0,0,0,0,0,1,0,0
138,2,1,16,11,1,1,0,1,1,2,4,0,0,0.0,3,3,0,0,10000,0,0,3,0,1,0,1,1,1,1,0,2,1,0,0,0,1,0,0,0,0,0,0,1,0,0,0,0,0,0,0,0,1,0,0
139,2,1,14,9,1,1,0,0,1,2,4,0,0,0.0,3,3,0,0,30000,1,0,3,0,1,1,1,0,1,0,0,2,1,0,0,0,0,0,1,0,0,0,0,0,0,1,0,0,0,0,0,0,1,0,0
140,1,1,14,9,0,1,0,1,0,2,3,1,0,0.0,1,1,0,0,10000,0,0,1,0,1,0,1,1,0,1,0,2,0,0,0,1,0,0,1,0,0,0,1,0,0,0,0,0,0,0,0,0,1,0,0
141,1,0,15,9,1,1,0,1,1,1,4,0,0,0.0,3,3,0,0,10000,0,0,4,0,1,0,0,0,0,1,0,2,0,1,0,0,0,1,0,0,0,0,0,1,0,0,0,0,0,0,0,0,1,0,0
142,1,1,16,11,0,0,0,0,1,2,3,0,0,0.0,2,2,0,0,100000,0,0,2,0,1,1,1,1,1,0,0,2,0,1,0,0,0,0,0,1,0,0,0,1,0,0,0,0,0,0,0,0,1,0,0
143,1,0,15,9,1,1,0,0,1,1,4,0,0,0.0,3,2,0,1,10000,0,0,4,0,1,0,1,0,1,0,0,2,1,0,0,0,0,0,0,1,0,0,1,0,0,0,0,0,0,0,0,0,1,0,0
144,1,0,17,10,1,0,0,1,0,2,4,1,1,17.0,3,2,1,1,30000,0,0,2,0,1,1,1,0,0,1,1,2,0,0,1,0,0,0,1,0,0,0,0,0,1,0,0,0,1,0,0,0,0,0,0
145,2,1,14,9,1,0,0,1,1,1,4,0,1,13.0,3,2,0,0,10000,1,0,2,0,1,1,1,0,1,1,0,2,1,0,0,0,0,0,0,1,0,0,1,0,0,0,0,0,0,1,0,0,0,0,0
146,1,1,14,9,0,1,0,0,1,2,4,0,0,0.0,3,2,0,0,24000,0,0,4,0,1,0,1,0,1,0,0,2,1,0,0,0,0,0,0,1,0,0,0,0,0,1,0,0,0,0,0,0,1,0,0
147,1,1,15,9,1,1,0,0,1,1,2,0,0,0.0,3,2,0,1,10000,0,0,4,0,1,0,1,0,1,0,1,2,0,0,1,0,0,0,1,0,0,0,1,0,0,0,0,0,0,0,0,0,1,0,0
148,1,0,15,10,1,0,0,0,1,2,4,0,0,0.0,3,2,0,0,2000,0,0,4,0,1,1,1,0,1,0,0,2,1,0,0,0,0,0,0,1,0,0,1,0,0,0,0,0,0,0,0,0,1,0,0
149,1,1,14,9,1,0,0,0,1,2,4,1,0,0.0,3,3,0,0,5000,1,0,4,0,1,1,1,1,1,0,0,2,1,0,0,0,1,0,0,0,0,0,1,0,0,0,0,0,0,0,0,0,1,0,0
150,2,0,14,9,1,0,0,0,1,2,4,0,0,0.0,3,1,0,0,14000,0,0,3,0,1,1,0,0,1,1,0,2,0,0,1,0,0,1,0,0,0,0,1,0,0,0,0,0,0,0,0,0,1,0,0
151,2,0,14,9,1,0,0,0,1,2,4,0,0,0.0,3,1,0,0,14000,0,0,3,0,1,1,0,0,1,1,0,2,0,0,1,0,0,1,0,0,0,0,1,0,0,0,0,0,0,0,0,0,1,0,0
152,1,0,15,10,1,0,0,0,0,2,4,0,0,0.0,3,1,0,0,15000,0,0,3,0,1,0,0,0,1,1,1,2,0,0,1,0,0,1,0,0,0,0,1,0,0,0,0,0,0,0,0,0,1,0,0
153,2,0,14,9,1,1,0,0,1,1,4,0,0,0.0,3,3,0,0,2000,1,0,4,0,1,1,1,0,1,1,0,2,0,0,1,0,0,0,1,0,0,0,1,0,0,0,0,0,0,0,0,0,1,0,0
154,2,0,17,9,1,0,0,0,0,2,3,0,0,0.0,3,1,0,1,10000,0,0,4,0,1,0,0,0,1,1,0,2,0,0,1,0,0,0,0,1,0,0,1,0,0,0,0,0,0,0,0,0,1,0,0
155,3,0,17,11,0,0,0,0,1,3,4,0,0,0.0,3,2,0,1,10000,0,0,3,0,1,1,1,0,0,1,0,2,1,0,0,0,0,0,0,1,0,0,1,0,0,0,0,0,0,0,0,0,1,0,0
156,2,1,13,9,1,1,0,0,0,2,3,1,0,0.0,3,2,0,0,10000,1,0,3,0,0,1,1,0,1,1,0,2,0,0,1,0,0,0,0,1,0,0,0,1,0,0,0,0,0,0,0,0,1,0,0
157,1,0,17,10,1,1,0,0,1,2,4,0,0,0.0,3,2,0,1,10000,0,0,4,0,1,0,0,0,1,1,0,2,0,1,0,0,0,0,0,1,0,0,1,0,0,0,0,0,0,0,0,0,1,0,0
158,1,1,16,11,0,1,0,0,1,2,3,0,0,0.0,3,3,0,0,5000,0,0,4,0,1,0,1,0,1,1,0,2,1,0,0,0,0,0,0,1,0,0,0,0,0,1,0,0,0,0,0,0,1,0,0
159,1,0,16,11,1,0,0,0,1,1,4,0,0,0.0,3,3,0,0,300000,0,0,4,0,1,1,0,0,1,0,0,2,0,0,1,0,0,1,0,0,0,0,0,1,0,0,0,0,0,0,0,0,1,0,0
160,5,1,16,10,1,0,1,0,1,2,4,0,0,0.0,3,2,0,1,20000,0,0,4,0,1,0,0,0,0,1,0,2,0,1,0,0,0,1,0,0,0,0,1,0,0,0,0,0,0,0,0,0,1,0,0
161,2,0,12,9,0,1,0,0,0,2,4,0,0,0.0,3,2,0,0,20000,0,0,4,0,1,1,1,0,1,1,0,2,1,0,0,0,0,0,0,1,0,0,1,0,0,0,0,0,0,0,0,0,1,0,0
162,2,0,17,11,1,1,1,0,1,1,4,0,0,0.0,3,3,0,1,14000,0,0,3,0,1,0,1,0,1,1,0,2,0,0,1,0,0,0,0,0,1,0,0,0,0,1,0,0,0,0,0,0,1,0,0
163,3,0,15,9,1,0,0,1,1,2,4,0,1,14.0,3,3,0,0,10000,0,0,4,0,1,1,1,0,1,1,0,2,0,0,1,0,0,0,0,1,0,0,0,0,0,1,0,0,0,1,0,0,0,0,0
164,1,0,14,9,0,1,0,0,1,1,3,0,0,0.0,3,3,0,0,1000,0,0,3,0,1,1,1,0,1,1,1,2,0,0,1,0,0,0,0,0,1,0,1,0,0,0,0,0,0,0,0,0,1,0,0
165,3,1,14,9,1,1,0,1,1,1,4,0,0,0.0,3,2,0,0,15000,0,0,4,0,1,1,1,0,1,0,0,2,0,0,1,0,0,0,1,0,0,0,0,1,0,0,0,0,0,0,0,0,1,0,0
166,2,1,16,9,1,1,0,0,1,2,4,0,0,0.0,3,2,0,1,5000,0,0,4,0,1,1,1,1,1,0,0,2,1,0,0,0,0,0,0,1,0,0,1,0,0,0,0,0,0,0,0,0,1,0,0
167,2,0,15,10,1,1,0,1,1,2,4,1,1,14.0,3,2,0,0,10000,0,0,4,0,1,0,1,1,0,0,1,2,1,0,0,0,0,0,0,1,0,0,0,1,0,0,0,0,0,0,0,1,0,0,0
168,1,0,17,11,1,1,0,1,1,1,3,1,1,15.0,3,2,0,1,30000,1,0,2,0,1,0,1,1,1,1,1,3,1,0,0,0,1,0,0,0,0,0,1,0,0,0,0,1,0,0,0,0,0,0,0
169,1,1,17,11,1,1,0,0,1,2,4,0,0,0.0,3,3,0,1,80000,0,0,2,0,1,0,0,0,1,1,0,3,0,0,1,0,0,0,0,1,0,0,0,1,0,0,0,0,0,0,0,0,1,0,0
170,2,0,18,11,1,1,0,0,0,1,4,0,0,0.0,3,2,0,1,50000,0,0,3,0,1,0,1,0,1,1,0,3,1,0,0,0,1,0,0,0,0,0,1,0,0,0,0,0,0,0,0,0,1,0,0
171,2,0,16,11,0,1,0,0,1,2,4,0,0,0.0,3,3,0,1,50000,0,1,2,0,1,1,1,0,0,1,1,3,0,1,0,0,0,1,0,0,0,0,1,0,0,0,0,0,0,0,0,0,1,0,0
172,2,1,18,11,1,1,0,1,1,2,4,0,0,0.0,3,3,0,1,20000,0,0,3,0,1,0,1,0,0,1,1,3,1,0,0,0,0,0,0,1,0,0,0,0,0,1,0,0,0,0,0,0,1,0,0
173,2,0,17,11,1,0,0,1,1,2,4,1,0,0.0,3,2,0,1,100000,1,1,3,0,1,1,1,0,0,1,0,3,1,0,0,0,1,0,0,0,0,0,0,0,1,0,0,0,0,0,0,0,1,0,0
174,1,0,18,11,1,0,0,0,1,2,4,0,0,0.0,3,3,0,1,10000,0,0,4,0,1,1,1,1,0,1,0,3,1,0,0,0,0,0,0,1,0,0,1,0,0,0,0,0,0,0,0,0,1,0,0
175,3,1,15,11,1,1,1,1,1,2,4,0,0,0.0,3,1,0,0,20000,0,0,3,0,1,1,1,0,1,1,0,3,0,0,1,0,0,1,0,0,0,0,0,1,0,0,0,0,0,0,0,0,1,0,0
176,1,1,14,10,1,0,0,0,1,1,4,0,0,0.0,3,1,0,0,15000,0,0,2,1,1,1,1,0,1,1,1,3,1,0,0,0,1,0,0,0,0,0,0,0,0,0,1,0,0,0,0,0,1,0,0
177,1,1,16,11,0,0,0,1,1,1,4,1,0,0.0,3,2,0,0,5000,1,0,3,0,1,1,0,0,1,1,0,3,1,0,0,0,0,0,0,1,0,0,0,0,0,1,0,0,0,0,0,0,1,0,0
178,3,1,16,11,1,1,0,0,0,2,3,0,0,0.0,3,2,0,0,200000,0,0,3,0,1,1,1,1,1,0,0,3,0,0,1,0,0,0,0,0,1,0,0,0,0,1,0,0,0,0,0,0,1,0,0
179,1,0,17,11,0,1,0,0,1,2,4,0,0,0.0,3,3,0,1,20000,0,0,4,0,1,1,1,1,1,1,0,3,1,0,0,0,0,0,0,1,0,0,1,0,0,0,0,0,0,0,0,0,1,0,0
180,2,0,17,11,1,1,0,1,1,2,4,0,1,16.0,3,2,0,1,20000,0,0,3,0,1,0,0,1,1,1,1,3,1,0,0,0,1,0,0,0,0,0,1,0,0,0,0,0,0,0,0,1,0,0,0
181,1,0,16,11,0,1,1,1,1,1,4,0,0,0.0,3,2,0,0,50000,1,0,4,0,1,0,0,1,0,1,0,3,0,0,1,0,0,0,1,0,0,0,0,0,0,1,0,0,0,0,0,0,1,0,0
182,3,1,13,8,1,1,0,0,1,2,3,0,0,0.0,1,2,0,1,14000,0,0,4,0,1,0,0,0,1,1,0,3,1,0,0,0,0,0,0,1,0,0,1,0,0,0,0,0,0,0,0,0,1,0,0
183,2,1,15,11,1,1,0,1,1,2,4,1,1,0.0,3,3,0,0,10000,0,0,4,0,1,1,1,1,1,1,1,3,1,0,0,0,1,0,0,0,0,0,0,1,0,0,0,0,0,1,0,0,0,0,0
184,2,0,16,11,1,0,0,0,1,2,4,0,0,0.0,3,3,0,0,50000,0,0,3,0,1,0,1,0,1,1,0,3,0,0,1,0,0,0,0,0,1,0,1,0,0,0,0,0,0,0,0,0,1,0,0
185,2,1,16,9,1,0,0,1,0,1,2,0,0,0.0,3,2,0,0,8000,0,0,4,0,1,1,0,0,1,1,0,3,1,0,0,0,1,0,0,0,0,0,1,0,0,0,0,0,0,0,0,0,1,0,0
186,1,1,18,11,1,0,1,1,1,2,2,1,1,16.0,2,2,1,0,1000,0,0,1,0,1,1,1,1,1,1,1,3,0,0,1,0,0,1,0,0,0,0,0,0,0,0,1,0,0,1,0,0,0,0,0
187,2,0,17,11,1,0,0,1,1,2,4,1,0,0.0,3,1,0,1,36000,1,1,3,0,1,0,1,1,0,1,0,3,1,0,0,0,0,0,0,1,0,0,0,1,0,0,0,0,0,0,0,0,1,0,0
188,2,0,16,10,1,1,0,0,1,2,3,0,0,0.0,3,1,0,0,200000,0,0,4,0,1,0,0,1,1,1,0,3,0,0,1,0,0,1,0,0,0,0,1,0,0,0,0,0,0,0,0,0,1,0,0
189,3,1,17,10,1,1,1,1,1,2,1,1,1,12.0,3,2,0,1,20000,1,0,2,0,1,0,1,1,0,1,1,3,1,0,0,0,0,0,0,1,0,0,0,0,0,0,1,0,1,0,0,0,0,0,0
190,3,1,17,10,1,1,1,1,1,2,1,1,1,12.0,3,2,0,1,20000,1,0,2,0,1,0,1,1,0,1,1,3,1,0,0,0,0,0,0,1,0,0,0,0,0,0,1,0,1,0,0,0,0,0,0
191,2,1,15,11,1,1,0,1,0,1,3,1,0,0.0,2,1,0,0,10000,1,1,3,0,1,1,1,0,1,1,0,3,1,0,0,0,0,0,0,1,0,0,0,0,0,1,0,0,0,0,0,0,1,0,0
192,3,0,15,9,1,1,0,1,1,1,3,1,0,0.0,2,2,0,0,30000,0,1,4,0,1,0,1,0,1,0,1,3,0,0,0,1,0,0,1,0,0,0,0,0,1,0,0,0,0,0,0,0,1,0,0
193,3,0,15,9,1,1,0,1,1,1,3,1,0,0.0,2,2,0,0,30000,0,1,4,0,1,0,1,0,1,0,1,3,0,0,0,1,0,0,1,0,0,0,0,0,1,0,0,0,0,0,0,0,1,0,0
194,3,0,14,9,1,0,0,0,1,1,4,0,0,0.0,3,3,0,0,20000,0,0,4,0,1,1,1,1,1,1,0,3,0,0,1,0,0,0,0,0,1,0,1,0,0,0,0,0,0,0,0,0,1,0,0
195,2,1,15,10,1,1,0,0,1,2,4,0,0,0.0,3,2,0,0,20000,0,0,4,1,1,1,0,1,1,1,0,3,1,0,0,0,0,0,0,1,0,0,0,0,0,1,0,0,0,0,0,0,1,0,0
196,5,1,14,7,1,1,0,1,1,2,4,0,0,0.0,3,1,0,1,20000,0,0,4,0,1,1,1,0,0,1,0,3,0,0,1,0,0,0,1,0,0,0,1,0,0,0,0,0,0,0,0,0,1,0,0
197,1,0,14,9,0,1,0,0,1,2,4,0,0,0.0,3,3,0,0,110000,0,0,4,0,1,0,1,0,1,1,0,3,1,0,0,0,0,0,0,1,0,0,1,0,0,0,0,0,0,0,0,0,1,0,0
198,2,1,17,10,1,0,1,1,1,2,4,1,0,0.0,3,1,0,1,90000,0,0,4,0,1,0,0,0,1,1,0,3,0,1,0,0,0,0,1,0,0,0,0,0,0,0,1,0,0,0,0,0,1,0,0
199,1,0,11,7,1,1,0,0,0,1,4,0,0,0.0,3,2,0,0,8000,1,0,2,0,1,0,1,0,0,1,1,3,1,0,0,0,0,0,0,1,0,0,1,0,0,0,0,0,0,0,0,0,1,0,0
200,2,1,15,9,1,0,0,0,1,2,4,0,0,0.0,3,3,0,1,50000,1,0,3,0,1,0,0,0,1,1,0,3,1,0,0,0,0,0,0,1,0,0,1,0,0,0,0,0,0,0,0,0,1,0,0
201,2,0,17,9,1,1,0,1,1,2,2,1,1,16.0,1,2,0,1,10000,1,0,2,0,0,0,1,0,1,1,0,3,0,1,0,0,0,1,0,0,0,0,1,0,0,0,0,0,0,0,0,1,0,0,0
202,1,0,13,9,1,1,0,0,1,2,3,0,0,0.0,3,3,0,0,5000,0,0,2,0,1,1,1,0,0,1,0,3,0,0,1,0,0,0,1,0,0,0,0,1,0,0,0,0,0,0,0,0,1,0,0
203,2,0,16,9,1,1,0,1,1,2,3,1,1,13.0,3,2,0,1,50000,0,0,3,0,1,0,1,0,1,1,1,3,0,0,1,0,0,1,0,0,0,0,1,0,0,0,0,0,0,0,0,0,0,0,1
204,3,0,14,9,1,0,0,0,1,2,4,0,0,0.0,3,3,0,1,40000,0,0,3,0,1,0,1,1,1,1,0,3,1,0,0,0,0,0,0,1,0,0,0,1,0,0,0,0,0,0,0,0,1,0,0
205,2,1,12,7,1,1,0,0,1,2,4,0,0,0.0,3,2,0,0,20000,0,0,3,0,1,0,1,0,1,1,0,3,1,0,0,0,0,0,0,1,0,0,1,0,0,0,0,0,0,0,0,0,1,0,0
206,2,0,16,10,1,0,0,1,0,3,3,0,1,14.0,3,1,0,1,5000,1,0,2,0,1,0,1,1,1,1,1,3,0,0,1,0,0,1,0,0,0,0,0,0,1,0,0,0,0,1,0,0,0,0,0
207,2,0,16,10,1,0,0,1,0,3,3,0,1,14.0,3,1,0,1,5000,1,0,2,0,1,0,1,1,1,1,1,3,0,0,1,0,0,1,0,0,0,0,0,0,1,0,0,0,0,1,0,0,0,0,0
208,4,0,17,9,1,0,0,0,1,2,3,0,0,0.0,3,1,0,1,30000,0,0,4,0,1,1,1,1,1,1,0,3,0,0,1,0,0,1,0,0,0,0,1,0,0,0,0,0,0,0,0,0,1,0,0
209,1,0,14,9,1,0,0,0,1,1,4,0,0,0.0,3,3,0,0,10000,0,0,4,0,1,1,1,0,1,1,0,3,1,0,0,0,1,0,0,0,0,0,0,1,0,0,0,0,0,0,0,0,1,0,0
210,4,0,17,9,1,0,0,0,1,1,4,0,0,0.0,3,2,0,1,20000,0,0,3,0,1,0,0,1,1,1,0,3,0,1,0,0,0,0,1,0,0,0,1,0,0,0,0,0,0,0,0,0,1,0,0
211,2,1,14,10,1,0,0,1,1,2,4,0,0,0.0,3,2,0,0,10000,0,0,4,0,1,1,0,0,1,0,0,3,1,0,0,0,0,0,0,1,0,0,0,1,0,0,0,0,0,0,0,0,1,0,0
212,1,1,14,9,1,1,1,0,1,2,4,0,0,0.0,3,3,0,1,4000,0,0,3,0,1,1,1,1,1,1,0,3,0,0,1,0,0,1,0,0,0,0,1,0,0,0,0,0,0,0,0,0,1,0,0
213,2,0,12,7,1,0,0,0,1,2,4,0,0,0.0,3,3,0,0,5000,0,0,4,0,1,0,0,0,1,1,0,3,1,0,0,0,1,0,0,0,0,0,1,0,0,0,0,0,0,0,0,0,1,0,0
214,2,0,15,9,1,1,0,0,1,2,3,0,0,0.0,3,2,0,1,50000,0,0,3,0,1,1,1,0,1,1,0,3,0,0,1,0,1,0,0,0,0,0,0,0,0,1,0,0,0,0,0,0,1,0,0
215,2,0,15,10,1,0,0,1,1,2,3,1,1,14.0,2,1,1,1,1000,1,1,2,0,1,0,0,1,1,1,1,3,0,0,1,0,0,1,0,0,0,0,0,0,1,0,0,0,0,0,0,0,0,0,1
216,1,0,17,9,1,0,0,0,1,1,4,0,0,0.0,2,2,0,1,200000,1,0,3,0,1,0,0,0,1,0,0,3,1,0,0,0,1,0,0,0,0,0,0,0,1,0,0,0,0,0,0,0,1,0,0
217,3,0,18,9,1,1,0,0,1,2,4,0,0,0.0,3,3,0,1,50000,0,0,4,0,1,0,1,1,0,1,0,3,0,1,0,0,0,1,0,0,0,0,0,0,0,1,0,0,0,0,0,0,1,0,0
218,3,0,15,8,1,0,0,0,1,2,4,0,0,0.0,3,2,0,1,30000,1,0,3,0,1,1,1,0,1,1,1,3,0,0,1,0,0,1,0,0,0,0,1,0,0,0,0,0,0,0,0,0,1,0,0
219,2,1,14,8,0,1,0,1,1,2,4,0,0,0.0,3,3,0,1,4000,0,0,4,0,1,1,1,1,0,1,0,3,1,0,0,0,1,0,0,0,0,0,1,0,0,0,0,0,0,0,0,1,0,0,0
220,1,0,16,9,1,1,0,0,1,1,4,0,0,0.0,3,1,0,1,200000,0,0,3,0,1,1,0,0,1,1,1,3,1,0,0,0,0,0,0,1,0,0,1,0,0,0,0,0,0,0,0,0,1,0,0
221,2,0,14,8,0,0,0,0,1,1,3,0,0,0.0,3,3,0,0,60000,0,0,3,0,1,1,1,0,1,1,0,3,0,0,1,0,1,0,0,0,0,0,0,0,0,1,0,0,0,0,0,0,1,0,0
222,1,0,13,8,1,0,0,0,1,1,4,0,0,0.0,3,2,0,0,50000,0,0,4,0,1,0,1,0,1,1,0,3,1,0,0,0,1,0,0,0,0,0,0,0,1,0,0,0,0,0,0,0,1,0,0
223,2,1,15,8,1,1,0,0,1,2,4,0,0,0.0,3,2,0,1,5000,0,0,4,0,1,0,0,0,1,1,0,3,1,0,0,0,1,0,0,0,0,0,0,0,1,0,0,0,0,0,0,0,1,0,0
224,3,0,14,9,1,0,0,0,1,2,3,0,0,0.0,1,3,0,0,10000,0,0,4,0,1,0,0,0,1,1,0,3,1,0,0,0,0,1,0,0,0,0,1,0,0,0,0,0,0,0,0,0,1,0,0
225,1,0,14,8,0,0,0,0,1,2,4,0,0,0.0,3,3,0,1,50000,0,0,3,0,1,1,0,0,1,1,0,3,0,1,0,0,0,1,0,0,0,0,0,1,0,0,0,0,0,0,0,0,1,0,0
226,1,0,16,9,1,0,0,1,1,1,4,0,0,0.0,3,2,0,1,2000,0,0,3,1,1,1,1,1,0,1,1,3,1,0,0,0,0,0,0,1,0,1,0,0,0,0,0,0,0,0,0,0,1,0,0
227,1,0,16,9,1,0,0,1,1,1,4,0,0,0.0,3,2,0,1,2000,0,0,3,1,1,1,1,1,0,1,1,3,1,0,0,0,0,0,0,1,0,1,0,0,0,0,0,0,0,0,0,0,1,0,0
228,2,0,13,7,1,1,0,0,1,1,4,0,0,0.0,3,3,0,0,50000,0,0,4,0,1,1,1,1,1,1,0,3,1,0,0,0,0,0,0,1,0,0,1,0,0,0,0,0,0,0,0,0,1,0,0
229,3,1,15,9,0,1,0,0,1,2,4,0,0,0.0,3,2,0,0,6000,1,0,3,0,1,0,0,1,1,1,0,3,1,0,0,0,0,0,0,1,0,0,0,1,0,0,0,0,0,0,0,0,1,0,0
230,4,0,17,10,1,1,0,1,1,2,4,1,0,0.0,2,1,0,0,40000,0,0,3,0,1,1,0,0,1,1,1,3,0,0,1,0,0,1,0,0,0,0,0,1,0,0,0,0,0,0,0,0,1,0,0
231,3,0,14,7,1,0,0,0,1,1,4,0,0,0.0,3,2,0,1,20000,1,0,3,0,1,1,1,1,0,1,1,3,0,0,1,0,0,1,0,0,0,0,0,1,0,0,0,0,0,0,0,0,1,0,0
232,3,1,13,7,1,1,0,0,1,1,4,0,0,0.0,3,3,0,0,20000,1,0,3,0,1,0,1,0,1,1,0,3,0,0,1,0,0,1,0,0,0,0,0,1,0,0,0,0,0,0,0,0,1,0,0
233,3,0,12,7,1,1,0,0,1,2,4,0,0,0.0,3,2,0,0,10000,0,0,3,0,1,0,1,0,1,1,0,3,1,0,0,0,0,0,0,1,0,0,0,1,0,0,0,0,0,0,0,0,1,0,0
234,1,1,12,7,1,0,0,0,1,2,4,0,0,0.0,3,3,0,0,10000,0,0,4,0,1,0,0,0,1,1,0,3,1,0,0,0,0,0,0,1,0,0,0,0,0,1,0,0,0,0,0,0,1,0,0
235,2,0,15,8,1,0,0,0,1,3,4,0,0,0.0,3,2,0,0,200000,1,0,3,0,1,0,1,1,1,1,0,3,1,0,0,0,1,0,0,0,0,0,1,0,0,0,0,0,0,0,0,0,1,0,0
236,1,0,19,10,0,0,0,0,1,2,4,0,0,0.0,3,2,0,1,50000,0,1,4,0,1,1,1,1,0,1,0,3,0,1,0,0,0,1,0,0,0,0,0,1,0,0,0,0,0,0,0,0,1,0,0
237,2,1,12,7,1,1,0,0,1,2,4,0,0,0.0,3,1,0,0,10000,0,0,4,0,1,1,0,0,1,1,0,3,1,0,0,0,1,0,0,0,0,0,1,0,0,0,0,0,0,0,0,0,1,0,0
238,2,1,13,7,1,1,0,0,1,1,4,0,0,0.0,3,3,0,1,5000,0,0,4,0,1,1,1,0,1,1,0,3,1,0,0,0,0,1,0,0,0,0,1,0,0,0,0,0,0,0,0,0,1,0,0
239,1,0,13,7,0,0,0,0,1,2,3,0,0,0.0,3,2,0,0,2000,0,0,4,0,1,1,0,0,1,1,1,3,1,0,0,0,0,0,0,1,0,0,1,0,0,0,0,0,0,0,0,0,1,0,0
240,1,0,13,7,1,1,0,0,1,1,4,0,0,0.0,3,3,0,1,50000,0,0,4,0,1,1,1,1,1,1,1,3,1,0,0,0,0,0,0,1,0,0,0,1,0,0,0,0,0,0,0,0,1,0,0
241,3,0,16,9,1,0,0,0,1,2,3,1,1,16.0,3,3,0,1,20000,1,0,2,0,1,0,0,1,1,1,1,3,0,1,0,0,0,1,0,0,0,0,0,1,0,0,0,0,0,0,0,1,0,0,0
242,2,1,14,9,1,1,0,0,1,1,3,0,0,0.0,3,2,0,0,10000,0,0,3,0,1,0,0,0,1,0,0,3,1,0,0,0,1,0,0,0,0,0,0,1,0,0,0,0,0,0,0,0,1,0,0
243,3,0,16,9,1,1,1,0,1,2,3,0,0,0.0,3,3,0,1,10000,0,0,3,0,1,1,1,1,0,1,1,3,0,0,1,0,0,1,0,0,0,0,0,1,0,0,0,0,0,0,0,0,1,0,0
244,3,1,17,11,0,1,0,1,1,2,4,0,1,16.0,3,2,0,1,40000,0,0,3,0,1,1,1,1,0,1,1,3,1,0,0,0,0,0,0,1,0,0,0,0,0,0,1,0,0,0,0,1,0,0,0
245,2,0,13,8,1,0,0,0,1,1,4,0,0,0.0,3,3,0,0,5000,0,0,4,0,1,0,1,0,1,1,0,3,1,0,0,0,1,0,0,0,0,0,1,0,0,0,0,0,0,0,0,0,1,0,0
246,2,0,13,8,1,0,0,0,1,1,4,0,0,0.0,3,3,0,0,5000,0,0,4,0,1,0,1,0,1,1,0,3,1,0,0,0,1,0,0,0,0,0,1,0,0,0,0,0,0,0,0,0,1,0,0
247,3,1,14,9,1,0,0,0,1,2,4,0,0,0.0,3,1,0,0,100000,0,0,3,0,1,0,0,1,1,1,0,3,0,1,0,0,0,0,0,1,0,0,0,0,1,0,0,0,0,0,0,0,1,0,0
248,2,1,13,8,1,1,0,0,1,2,4,0,0,0.0,3,2,0,0,10000,0,0,4,0,1,1,1,0,1,1,1,3,1,0,0,0,0,0,0,1,0,0,1,0,0,0,0,0,0,0,0,0,1,0,0
249,1,0,16,9,0,0,0,0,1,2,4,0,0,0.0,3,3,0,0,10000,0,0,4,0,1,1,1,0,1,1,0,3,1,0,0,0,0,0,0,1,0,0,1,0,0,0,0,0,0,0,0,0,1,0,0
250,2,0,17,10,1,1,0,0,1,1,3,1,1,16.0,1,1,0,1,50000,0,0,3,0,1,0,1,1,0,1,0,3,0,0,1,0,0,0,1,0,0,0,0,0,0,1,0,0,0,0,0,1,0,0,0
251,1,0,16,9,0,0,0,0,1,2,4,0,0,0.0,3,3,0,0,10000,0,0,4,0,1,1,1,0,1,1,0,3,1,0,0,0,0,0,0,1,0,0,1,0,0,0,0,0,0,0,0,0,1,0,0
252,2,0,18,10,1,1,0,1,0,1,3,0,0,0.0,3,1,0,1,20000,1,1,2,0,1,1,0,0,1,1,1,3,1,0,0,0,0,1,0,0,0,0,1,0,0,0,0,0,0,0,0,0,1,0,0
253,1,1,14,8,0,1,1,0,1,2,3,0,0,0.0,1,1,0,1,300000,0,0,1,0,1,0,1,1,0,1,0,3,0,1,0,0,0,0,0,1,0,0,0,0,1,0,0,0,0,0,0,0,1,0,0
254,1,1,14,8,0,1,1,0,1,2,4,0,0,0.0,2,1,0,1,300000,0,0,1,0,1,0,1,1,0,1,0,3,1,0,0,0,0,0,0,1,0,0,0,0,1,0,0,0,0,0,0,0,1,0,0
255,1,0,15,10,1,1,0,1,0,2,4,1,0,0.0,3,1,0,0,4000,1,0,2,1,1,0,1,1,0,1,0,3,1,0,0,0,1,0,0,0,0,0,0,0,0,1,0,0,0,0,0,0,1,0,0
256,2,0,17,10,1,1,0,1,1,3,4,1,1,14.0,3,1,0,1,20000,0,0,3,0,1,1,0,1,0,1,1,3,1,0,0,0,0,0,0,1,0,0,0,0,1,0,0,0,0,0,0,1,0,0,0
257,2,0,13,7,1,1,0,0,0,2,3,0,1,14.0,2,2,0,1,50000,0,0,1,0,1,0,1,1,1,1,0,3,1,0,0,0,0,0,0,1,0,0,1,0,0,0,0,0,0,0,0,1,0,0,0
258,2,0,15,10,1,0,0,0,1,2,3,0,0,0.0,3,3,0,0,10000,0,0,3,0,1,1,0,1,1,1,0,3,0,0,1,0,0,1,0,0,0,0,0,1,0,0,0,0,0,0,0,0,1,0,0
259,4,0,14,7,1,1,0,1,1,2,3,0,0,0.0,3,2,0,1,30000,0,0,4,0,1,0,0,1,1,1,0,3,1,0,0,0,0,1,0,0,0,0,1,0,0,0,0,0,0,0,0,0,1,0,0
260,2,1,16,8,1,1,0,0,1,1,4,0,0,0.0,1,2,0,1,10000,0,0,4,1,1,1,1,0,1,1,0,3,1,0,0,0,1,0,0,0,0,0,0,0,0,0,1,0,0,0,0,0,1,0,0
261,2,0,16,10,1,1,0,0,1,2,3,0,0,0.0,3,3,0,0,80000,0,0,4,1,1,0,0,1,0,1,0,3,0,0,1,0,0,1,0,0,0,0,0,1,0,0,0,0,0,0,0,0,1,0,0
262,3,0,13,7,1,0,0,0,1,2,4,0,0,0.0,3,2,0,1,15000,0,0,4,0,1,1,0,0,1,1,0,3,0,1,0,0,0,0,1,0,0,0,1,0,0,0,0,0,0,0,0,0,1,0,0
263,2,0,16,10,1,0,0,1,1,1,4,0,0,0.0,3,2,0,1,10000,1,1,4,0,1,1,0,0,1,1,0,3,0,0,1,0,0,0,1,0,0,0,0,0,0,0,1,0,0,0,0,0,1,0,0
264,4,1,17,10,1,1,0,0,1,1,4,0,0,0.0,3,1,0,1,25000,0,0,3,0,1,0,0,0,1,1,0,3,1,0,0,0,0,0,0,1,0,0,0,0,0,1,0,0,0,0,0,0,1,0,0
265,1,1,12,7,1,1,0,0,1,2,4,0,0,0.0,1,2,0,0,15000,1,0,4,0,1,1,1,0,1,1,0,3,1,0,0,0,0,0,0,1,0,0,0,0,0,1,0,0,0,0,0,0,1,0,0
266,2,1,15,9,0,1,0,0,0,2,4,0,0,0.0,3,3,0,1,10000,0,0,4,0,1,0,1,1,0,0,0,3,1,0,0,0,1,0,0,0,0,0,1,0,0,0,0,0,0,0,0,0,1,0,0
267,1,0,13,7,1,1,0,0,1,2,4,0,0,0.0,3,3,0,1,5000,0,0,4,0,1,0,1,0,1,1,0,3,0,1,0,0,0,0,1,0,0,0,1,0,0,0,0,0,0,0,0,0,1,0,0
268,2,1,15,9,0,1,1,1,0,1,1,0,0,0.0,3,3,0,1,30000,0,0,2,0,1,1,1,0,1,1,1,3,0,1,0,0,0,1,0,0,0,0,0,0,0,0,1,0,0,0,0,0,1,0,0
269,2,0,13,8,1,0,0,0,1,1,3,0,0,0.0,3,2,0,0,25000,0,0,2,0,1,0,0,0,1,1,0,3,0,1,0,0,0,1,0,0,0,0,0,0,0,1,0,0,0,0,0,0,1,0,0
270,2,1,16,11,1,0,0,1,0,2,4,0,0,0.0,2,2,0,1,10000,1,0,1,0,1,0,0,0,1,1,0,3,0,0,1,0,0,1,0,0,0,0,0,0,1,0,0,0,0,0,0,0,1,0,0
271,2,1,15,10,1,1,1,1,1,2,4,0,0,0.0,3,3,0,0,3000,0,0,1,0,1,1,1,1,0,1,1,3,0,0,1,0,0,1,0,0,0,0,0,0,0,1,0,0,0,0,0,0,1,0,0
272,3,1,15,8,1,1,0,0,1,2,3,0,0,0.0,3,3,0,0,10000,0,0,4,0,1,0,1,0,1,1,0,3,1,0,0,0,1,0,0,0,0,0,1,0,0,0,0,0,0,0,0,0,1,0,0
273,1,1,14,9,0,0,0,0,1,1,4,0,0,0.0,3,2,0,0,20000,0,0,3,0,1,1,0,0,0,1,0,3,1,0,0,0,0,0,0,1,0,0,0,0,0,1,0,0,0,0,0,0,1,0,0
274,3,1,15,10,1,1,1,1,1,1,4,1,1,14.0,3,2,0,0,50000,0,0,4,0,1,0,0,0,1,1,0,3,0,1,0,0,1,0,0,0,0,0,0,1,0,0,0,0,0,0,0,1,0,0,0
275,1,0,18,11,1,0,0,1,1,2,3,1,1,14.0,1,3,0,1,5000,0,0,3,0,1,0,1,0,0,1,1,3,0,0,1,0,0,0,1,0,0,0,1,0,0,0,0,0,0,1,0,0,0,0,0
276,1,0,15,9,1,0,0,1,0,2,3,0,0,0.0,3,1,0,1,50000,1,0,1,0,1,1,0,1,1,1,0,3,1,0,0,0,0,1,0,0,0,0,0,1,0,0,0,0,0,0,0,0,1,0,0
277,2,1,16,9,1,1,1,1,1,2,3,1,1,14.0,3,2,1,1,40000,0,0,2,0,1,1,0,0,0,1,1,3,0,0,1,0,0,1,0,0,0,0,0,1,0,0,0,0,0,1,0,0,0,0,0
278,4,0,16,9,1,1,0,0,1,2,4,0,0,0.0,3,2,0,1,15000,0,0,4,0,1,1,0,0,1,1,0,3,0,0,1,0,0,0,1,0,0,0,1,0,0,0,0,0,0,0,0,0,1,0,0
279,1,1,13,7,1,0,0,0,1,1,4,0,0,0.0,3,2,0,1,15000,0,0,3,0,1,0,1,0,1,1,0,3,0,0,1,0,0,1,0,0,0,0,1,0,0,0,0,0,0,0,0,0,1,0,0
